{"col_sel": 1.2301056385040283, "io": 13.049394607543945, "materialization": 185.34315252304077, "total": 186.57688450813293}